{
  "qb_salary_corr": 0.10196352642398879,
  "rb_salary_corr": -0.1403805956727753,
  "qb_wins_corr": 0.657974182568177,
  "rb_wins_corr": 0.003982689648500912
}